"","Actual","Predicted"
"1",66,51.3775
"6",67,43.3288333333333
"7",62,45.0028333333333
"20",70,34.2973333333333
"21",64,33.1831666666667
"23",70,48.0325
"33",60,40.9686666666667
"42",62,41.6163333333333
"45",56,40.3121666666667
"53",63,22.546
"54",55,33.5466666666667
"56",67,40.0116666666667
"60",58,34.292
"63",56,42.7045
"72",71,44.9426666666667
"73",81,47.2573333333333
"76",71,36.1305
"80",81,45.6495
"85",63,37.1806666666667
"92",62,51.3858333333333
"97",85,39.8331666666667
"98",36,44.3758333333333
"99",52,48.838
"109",71,45.8178333333333
"111",82,51.3985
"120",72,42.0775
"136",68,45.8075
"139",85,48.9076666666667
"141",69,61.2156666666666
"143",81,47.2338333333333
"144",73,42.9298333333333
"145",61,27.106
"146",19,37.6051666666667
"152",8,48.4953333333333
"162",57,35.292
"172",67,41.6706666666667
"177",53,48.128
"186",51,46.7598333333333
"187",63,38.682
"195",70,36.9121666666667
"199",80,39.7586666666667
"212",68,35.0115
"217",62,48.842
"221",21,50.9535
"230",63,42.4863333333333
"231",65,42.1698333333333
"233",53,46.9135
"237",65,39.29
"238",34,40.7293333333333
"243",76,42.662
"244",75,24.7828333333333
"250",55,34.1475
"251",49,52.855
"252",70,42.4081666666667
"256",73,46.1421666666667
"259",67,43.988
"266",75,42.6296666666667
"270",70,42.4671666666667
"275",54,36.7466666666667
"277",83,40.8255
"283",61,48.0236666666666
"287",70,49.9568333333333
"293",55,43.2263333333333
"294",81,41.1041666666667
"296",75,41.7238333333333
"303",74,50.7711666666667
"304",65,47.5496666666667
"311",87,58.5623333333333
"313",77,43.6276666666667
"315",51,44.4396666666667
"326",49,41.5255
"329",41,39.5518333333333
"331",57,49.8835
"334",72,28.1111666666667
"338",68,52.1613333333333
"340",39,27.4901666666667
"345",71,38.9335
"353",60,44.6598333333333
"356",40,38.0883333333333
"358",38,36.9796666666667
"359",30,45.3323333333333
"360",31,41.5276666666667
"361",37,47.6505
"363",49,52.1443333333333
"385",41,47.1483333333333
"395",26,45.2085
"396",30,38.2918333333333
"398",31,45.8785
"418",75,39.0725
"424",68,45.6261666666667
"451",54,42.4193333333333
"461",52,47.4351666666667
"466",24,35.8556666666667
"470",9,25.7261666666667
"471",65,29.4118333333333
"479",75,46.8501666666667
"484",44,42.432
"486",47,43.4836666666667
"491",85,47.9945
"492",85,43.6263333333333
"498",61,42.0918333333333
"503",64,47.454
"504",56,43.3203333333333
"505",77,39.4135
"509",30,29.9206666666667
"510",72,46.809
"522",69,45.0398333333334
"523",55,32.0646666666667
"528",40,42.3496666666667
"530",75,42.262
"543",72,46.9415
"544",74,42.3898333333333
"551",51,43.0055
"565",44,38.4086666666667
"567",44,33.607
"571",76,36.199
"572",49,47.9113333333333
"573",55,48.2135
"574",49,45.8348333333333
"575",54,40.3511666666667
"582",34,42.0998333333333
"583",94,45.4311666666667
"591",41,49.7235
"607",63,47.353
"610",44,39.6523333333333
"615",66,50.738
"618",95,51.1701666666666
"620",86,49.2053333333333
"627",73,44.0393333333333
"636",74,53.0751666666667
"638",69,40.409
"639",69,45.9741666666667
"641",70,54.2371666666667
"643",70,52.9333333333333
"644",87,44.6276666666667
"649",62,50.2585
"650",80,49.517
"662",48,27.6956666666667
"679",67,36.5575
"703",60,34.129
"705",70,48.03
"706",57,32.1438333333333
"715",49,35.5456666666667
"721",46,29.2761666666667
"730",21,35.296
"731",57,35.655
"735",54,31.5323333333333
"742",33,43.1443333333333
"745",32,52.4195
"746",36,51.3323333333333
"755",29,40.5406666666667
"759",40,47.5943333333333
"760",54,50.3178333333333
"762",35,45.8701666666667
"768",43,36.829
"770",37,49.917
"771",35,48.8243333333333
"779",43,46.9561666666667
"782",38,36.1888333333333
"783",29,30.8431666666667
"801",38,45.7068333333333
"805",28,47.4035
"806",18,38.3856666666667
"807",29,38.0348333333333
"821",21,52.358
"822",33,44.331
"824",39,50.2165
"827",18,44.5267380952381
"829",32,48.7
"834",31,45.5665
"847",28,45.5571666666667
"849",41,43.9046666666667
"854",41,37.0355
"861",49,45.2815
"868",44,44.6421666666667
"869",40,32.5405
"871",50,35.8763333333333
"876",36,31.8341666666667
"882",49,41.1371666666667
"889",30,41.9506666666667
"899",45,37.8883333333333
"900",18,33.5251666666667
"903",52,47.6841666666667
"904",54,46.5301666666667
"906",28,43.5336666666667
"912",48,46.7485
"913",36,43.2023333333333
"930",60,30.4281666666667
"935",71,46.0525
"947",60,36.7148333333333
"948",75,37.9296666666667
"967",62,34.087
"969",7,33.2783333333333
"971",58,34.4688333333333
"972",60,37.4599523809524
"973",56,40.858
"974",61,42.0513333333333
"976",76,37.377
"979",53,38.723
"980",46,39.5351666666667
"981",79,55.5171666666667
"984",39,40.1178333333333
"998",32,52.9021666666667
"1002",27,27.8088333333333
"1012",79,40.5293333333333
"1014",75,37.4488333333333
"1018",77,41.182
"1022",73,36.4535
"1026",50,49.9821666666667
"1031",77,43.6313333333333
"1044",76,38.9385
"1046",74,43.4258333333333
"1050",66,37.43
"1061",11,45.927
"1063",76,43.7623333333333
"1068",67,46.3881666666667
"1069",49,38.0471666666667
"1070",21,26.0863333333333
"1072",97,52.3081666666667
"1075",91,53.9621666666667
"1097",88,48.2991666666667
"1103",33,51.5993333333334
"1115",84,51.8048333333333
"1117",73,45.5598333333333
"1121",72,47.184
"1127",65,33.1545
"1132",55,36.2503333333333
"1133",75,43.3203333333333
"1141",74,41.1123333333333
"1145",76,43.6548333333333
"1150",44,39.8136666666667
"1155",57,49.2691666666667
"1161",44,47.2303333333333
"1162",57,45.3781666666667
"1174",58,45.3803333333333
"1178",63,55.7871666666667
"1188",78,48.098
"1192",65,37.209
"1196",47,38.6955
"1202",40,35.736
"1213",35,49.5761666666667
"1214",44,40.7243333333333
"1222",66,45.2245
"1224",84,50.5143333333333
"1233",76,57.8175
"1235",10,43.7931666666667
"1239",70,47.5338333333333
"1247",73,41.3081666666667
"1249",69,52.1825
"1253",66,47.273
"1258",90,41.9281666666667
"1261",49,41.13
"1266",38,43.9415
"1273",0,34.345
"1274",0,42.9225
"1278",0,36.7395
"1279",0,36.1661666666667
"1281",22,46.4225
"1282",28,42.4783333333333
"1283",8,37.3091666666667
"1301",44,40.2295
"1303",49,41.431
"1311",38,47.1985
"1313",13,40.0555
"1329",1,44.5918333333333
"1356",77,47.8035
"1357",68,33.2706666666667
"1373",39,50.2818333333333
"1385",0,43.8786666666667
"1397",0,43.2201666666667
"1400",59,45.8295
"1408",41,37.1648333333333
"1410",66,38.5611666666667
"1413",70,42.4651666666667
"1419",60,48.8196666666667
"1422",2,33.3063333333333
"1429",1,39.3153333333333
"1432",81,54.4191666666667
"1440",78,45.9901666666667
"1442",76,48.6513333333333
"1448",79,47.939
"1460",74,29.1953333333333
"1467",70,52.8965
"1471",61,31.6805
"1472",64,35.8623333333333
"1480",15,35.7563333333333
"1488",68,35.6131666666667
"1492",67,35.0655
"1500",77,43.8233333333333
"1502",70,45.4746666666667
"1510",39,36.8621666666667
"1511",61,43.8533333333333
"1513",61,42.402
"1520",71,43.9435
"1521",12,45.344
"1523",71,47.9516666666667
"1533",33,55.975
"1538",32,43.4308333333333
"1543",44,53.9818333333333
"1544",44,43.5065
"1546",60,38.1273333333333
"1556",47,44.8118333333333
"1558",51,50.8668333333333
"1559",61,40.8898333333333
"1561",38,39.833
"1563",85,41.3026666666667
"1570",19,50.373
"1573",36,36.9936666666667
"1578",65,46.8606666666667
"1581",76,44.121
"1583",62,46.4873333333333
"1600",80,51.5591666666667
"1603",48,46.0741666666667
"1614",56,34.056
"1624",73,46.6508333333333
"1628",64,53.3891666666667
"1629",3,38.3428333333333
"1634",42,42.1368333333333
"1639",8,41.903
"1642",14,27.726
"1649",24,42.2956666666667
"1670",72,40.0965
"1675",83,46.4998333333333
"1679",74,45.2191666666667
"1680",67,46.7385
"1681",69,52.624
"1688",73,33.0883333333333
"1700",60,47.518
"1702",40,52.5423333333333
"1703",39,44.1628333333333
"1704",36,44.7138333333334
"1709",76,54.3628333333333
"1710",18,51.0698333333333
"1711",55,42.871
"1714",46,43.1396666666667
"1717",73,44.3133333333333
"1721",38,44.5583333333333
"1724",61,45.9476666666666
"1726",47,38.2168333333333
"1745",30,47.7566666666667
"1751",39,35.8603333333333
"1753",64,55.696
"1757",75,55.8935
"1760",70,36.2966666666667
"1766",38,39.7581666666667
"1767",65,46.0928333333333
"1769",74,42.2995
"1773",72,40.1936666666667
"1775",77,44.1618333333333
"1776",53,33.1163333333333
"1778",63,38.2186666666667
"1784",54,31.2198333333333
"1790",77,45.691
"1791",76,34.4556666666667
"1804",66,42.806
"1806",69,42.6575
"1817",46,45.1561666666667
"1825",53,47.1078333333333
"1835",41,41.7006666666667
"1838",39,34.3463333333333
"1846",39,36.125
"1850",18,44.3485
"1855",0,37.4823333333333
"1858",36,49.3003333333333
"1860",23,38.5066666666667
"1865",29,37.9598333333333
"1866",18,38.9578333333333
"1868",8,61.3581666666667
"1869",20,47.1996666666667
"1870",63,40.1443333333333
"1871",77,49.1315
"1875",16,41.436
"1879",69,43.2788333333333
"1883",65,42.2031666666667
"1885",4,41.3023333333333
"1896",9,43.4781666666667
"1901",75,36.056
"1902",16,50.8146666666667
"1903",0,45.6291666666667
"1914",56,38.5908333333333
"1917",7,58.0536666666667
"1920",50,39.3435
"1936",51,45.5125
"1939",63,44.3991666666667
"1942",46,42.1915
"1944",72,44.1845
"1946",60,46.047
"1950",13,52.4698333333333
"1957",71,49.5726666666667
"1969",60,48.1078333333333
"1971",0,49.4418333333333
"1972",0,37.5458333333333
"1979",1,21.284
"1987",66,44.2178333333333
"1990",43,41.0423333333333
"2010",37,40.9361666666667
"2016",0,35.0261666666667
"2022",0,24.7236666666667
"2026",0,40.6395
"2029",0,37.3861666666667
"2041",0,35.1351666666667
"2046",28,41.7628333333333
"2059",78,33.1921666666667
"2066",58,35.7403333333333
"2068",16,44.6203333333333
"2075",64,44.523
"2081",76,44.8531666666667
"2086",72,31.2021666666667
"2087",43,38.7281666666667
"2090",19,35.0845
"2095",4,41.902
"2099",67,44.4785
"2104",19,48.1726666666667
"2105",35,41.508
"2114",54,44.3231666666667
"2117",57,33.626
"2120",41,37.4303333333333
"2142",67,33.8116666666667
"2146",63,48.4266666666667
"2148",45,50.8385
"2166",66,35.8125
"2175",1,36.0535
"2193",76,41.6403333333333
"2194",32,41.7845
"2200",44,47.2725
"2202",62,45.592
"2210",74,46.1146666666667
"2211",73,40.4168333333333
"2215",73,39.8453333333333
"2217",70,38.0088333333333
"2219",58,45.9956666666667
"2225",75,46.5715
"2228",59,31.4975
"2233",71,53.6643333333333
"2234",60,37.5761666666667
"2236",65,39.164
"2237",52,47.6513333333333
"2238",97,42.0248333333333
"2239",49,23.9478333333333
"2248",39,32.1018333333333
"2254",29,43.5088333333333
"2255",43,26.444
"2256",45,39.3393333333333
"2257",6,38.245
"2258",45,30.8558333333333
"2265",51,28.7806666666667
"2274",39,26.1756666666667
"2275",54,36.5525
"2277",58,43.0448333333333
"2283",37,29.7385
"2289",32,36.8743333333333
"2299",54,48.0668333333333
"2304",63,42.5608333333333
"2305",59,34.5606666666667
"2309",61,40.0966666666667
"2311",64,33.9481666666667
"2315",55,37.188
"2318",59,49.2453333333333
"2326",67,34.734
"2332",25,28.2873333333333
"2335",40,30.259
"2337",2,36.5701666666667
"2339",56,39.2088333333333
"2354",15,37.912
"2368",56,43.7566666666667
"2374",63,34.7465
"2377",29,31.8735
"2378",28,39.2433333333333
"2381",18,33.8933333333333
"2386",32,35.065
"2388",20,21.6846666666667
"2393",42,22.8688333333333
"2398",0,27.1726666666667
"2400",51,41.1371666666667
"2401",0,36.3905
"2405",0,27.9288333333333
"2408",49,41.365
"2416",74,38.1481666666667
"2422",16,30.4576666666667
"2424",59,37.1983333333333
"2429",0,34.6316666666667
"2436",1,38.2673333333333
"2439",28,36.5053333333333
"2440",0,22.8781666666667
"2442",2,34.3936666666667
"2450",0,20.4326666666667
"2451",0,36.0606666666667
"2455",0,39.7733333333333
"2456",0,27.8488333333333
"2461",0,13.4738333333333
"2467",0,29.5515
"2470",0,19.9116666666667
"2474",0,29.2156666666667
"2479",2,34.0475
"2480",0,27.606
"2482",34,44.9051666666667
"2486",0,29.7146666666667
"2488",44,37.1605
"2503",0,32.9473333333333
"2526",62,43.0018333333333
"2531",56,35.88
"2541",16,33.923
"2543",75,40.4458333333333
"2549",46,39.9498333333333
"2555",78,30.135
"2559",19,35.048
"2572",60,38.697
"2575",77,41.6016666666667
"2576",12,41.807
"2581",76,40.2378333333333
"2583",72,37.799
"2593",43,25.7195
"2595",55,36.8325
"2598",48,39.6986666666667
"2599",46,31.2178333333333
"2602",43,26.367
"2603",50,25.9446666666667
"2604",36,35.6183333333333
"2606",48,41.4316666666667
"2609",38,32.7356666666667
"2617",3,27.6995
"2623",42,36.6875
"2627",6,38.0691666666667
"2628",67,45.1993333333333
"2635",0,45.8783333333333
"2636",57,44.6851666666667
"2639",64,34.9496666666667
"2640",70,45.9848333333334
"2643",8,43.0828333333333
"2654",84,49.4378333333333
"2657",68,43.7935
"2679",60,36.2698333333333
"2681",69,34.1513333333333
"2685",38,38.6871666666667
"2692",30,42.6131666666667
"2695",55,44.7506666666667
"2697",50,44.79
"2699",54,35.1775
"2705",30,40.7126666666667
"2707",37,53.4791666666667
"2727",6,40.4031666666667
"2733",45,34.1646666666667
"2736",2,38.9675
"2738",3,37.2146666666667
"2744",53,45.7005
"2766",3,36.9903333333333
"2768",51,41.9611666666667
"2769",40,45.1163333333333
"2770",18,41.6076666666667
"2771",2,37.7918333333333
"2772",4,58.8128333333333
"2780",41,28.768
"2787",53,40.5978333333333
"2793",49,34.9776666666667
"2794",25,39.6671666666667
"2798",27,34.4671666666667
"2804",60,42.4593333333333
"2809",64,44.0623333333333
"2823",57,39.0028333333333
"2826",58,40.9345
"2835",46,33.7475
"2836",61,42.6853333333333
"2838",60,42.604
"2845",55,36.011
"2854",59,38.8563333333333
"2865",48,44.1935
"2867",50,41.0675
"2878",48,55.712
"2879",72,38.9028333333333
"2881",51,36.3308333333333
"2882",39,40.65
"2887",10,42.8553333333333
"2888",59,32.5178333333333
"2893",60,49.7778333333333
"2899",38,44.4983333333333
"2909",52,34.7726666666667
"2912",52,32.0886666666667
"2916",53,52.4398333333333
"2927",74,46.554
"2930",37,36.847
"2936",43,40.8781666666667
"2941",43,34.4226666666667
"2947",38,42.6633333333333
"2951",38,44.6571666666667
"2953",39,36.5483333333333
"2956",34,44.4538333333333
"2959",34,46.6115
"2962",34,36.8613333333333
"2968",32,43.0153333333333
"2974",34,51.8061666666666
"2977",32,38.2761666666667
"3001",64,44.3308333333333
"3002",55,47.9986666666667
"3006",61,46.143
"3009",48,39.2796666666667
"3012",58,41.0315
"3017",52,41.679
"3020",59,51.3853333333333
"3028",68,56.5703333333333
"3030",54,50.4978333333333
"3033",61,44.62
"3035",34,46.004
"3036",57,49.8228333333333
"3051",53,37.0706666666667
"3054",69,37.3708333333333
"3061",58,42.4111666666667
"3069",78,45.3338333333333
"3072",46,40.9603333333333
"3076",54,40.4508333333333
"3080",61,50.2605
"3082",57,42.3011666666667
"3083",52,38.4128333333333
"3088",53,35.1731666666667
"3089",47,40.0865
"3092",40,34.3895
"3094",65,50.1051666666667
"3096",54,56.6255
"3099",65,50.1775
"3115",45,41.9323333333333
"3118",62,38.3196666666667
"3122",43,45.1075
"3123",39,43.753
"3131",4,37.4685
"3140",52,39.3243333333333
"3147",43,42.4476666666667
"3148",60,34.4386666666667
"3151",40,50.0016666666667
"3152",19,46.0955
"3154",50,40.4225
"3156",58,43.569
"3161",54,48.0753333333333
"3175",75,39.332
"3176",76,37.0715
"3177",64,49.5325
"3182",36,47.1435
"3183",40,76.436
"3184",56,45.6976666666667
"3185",84,44.6703333333333
"3188",69,42.7896666666667
"3189",64,46.066
"3196",62,34.7113333333333
"3198",61,31.8816666666667
"3200",57,34.9576666666667
"3201",62,53.5093333333333
"3210",54,38.9261666666667
"3216",50,35.0593333333333
"3217",57,46.2673333333333
"3222",49,33.425
"3224",47,38.404
"3225",47,44.446
"3227",48,42.7623333333333
"3244",38,41.5138333333333
"3253",2,51.3398333333333
"3267",0,36.9991666666667
"3279",0,36.932
"3280",36,42.2351666666667
"3291",0,46.1266666666667
"3303",61,37.2268333333333
"3304",62,37.3955
"3312",64,34.9001666666667
"3316",68,40.1176666666667
"3318",59,41.436
"3320",68,39.2615
"3329",57,35.757
"3346",42,47.194
"3347",43,33.8671666666667
"3364",1,38.6926666666667
"3367",48,32.4181666666667
"3369",53,37.5045
"3373",34,40.761
"3375",0,42.5403333333333
"3378",25,40.8108333333333
"3384",41,45.5855
"3388",0,42.0535
"3397",45,39.0233333333333
"3417",63,40.2118333333333
"3426",75,41.0773333333333
"3430",0,44.7871666666667
"3448",3,34.496
"3455",57,36.2425
"3465",55,38.26
"3466",9,51.4646666666667
"3470",70,39.6618333333333
"3481",40,46.5615
"3487",40,44.8488333333333
"3490",57,33.7141666666667
"3497",1,43.4006666666667
"3506",43,34.1743333333333
"3509",35,39.8265
"3518",8,31.2996666666667
"3521",33,45.023
"3523",31,43.2266666666667
"3530",5,42.9536666666667
"3536",61,33.3923333333333
"3546",44,39.596
"3551",20,38.1826666666667
"3553",53,41.8681666666667
"3556",11,37.2473333333333
"3559",57,35.7976666666667
"3570",0,40.4041666666667
"3576",26,34.5228333333333
"3581",24,43.7865
"3583",0,38.0396666666667
"3585",0,45.5171666666667
"3588",24,41.7191666666667
"3590",0,37.6081666666667
"3592",0,42.9958333333333
"3595",58,35.6708333333333
"3598",36,40.5665
"3602",9,39.3698333333333
"3607",0,36.9718333333333
"3608",8,48.0348333333333
"3614",49,47.031
"3631",63,44.106
"3635",41,35.4671666666667
"3647",59,38.045
"3649",73,43.5146666666667
"3650",25,29.8373333333333
"3655",91,52.8296666666667
"3656",64,50.9271666666667
"3657",90,43.9313333333333
"3662",84,47.7276666666667
"3664",83,51.1301666666667
"3673",79,40.3665
"3675",73,50.7513333333333
"3678",77,45.7303333333333
"3679",83,47.1555
"3690",50,40.4303333333334
"3694",44,42.1185
"3703",52,40.7558333333333
"3718",55,38.5468333333333
"3719",62,39.9218333333333
"3722",48,43.7183333333333
"3731",58,44.3491666666667
"3734",39,43.4545
"3738",48,34.3865
"3740",54,33.3923333333333
"3741",64,37.0333333333333
"3755",38,50.0635
"3758",29,33.3628333333333
"3760",61,44.8213333333333
"3763",56,39.692
"3775",77,65.0878333333333
"3781",62,46.7871666666667
"3785",67,47.0305
"3794",54,44.7773333333333
"3801",65,44.3361666666666
"3803",42,42.5738333333333
"3805",61,51.1728333333334
"3808",61,41.1608333333333
"3815",58,48.9713333333333
"3818",55,38.3698333333333
"3823",53,46.0551666666667
"3825",66,41.3373333333333
"3833",65,33.9965
"3838",11,50.6893333333333
"3850",57,45.595
"3859",55,36.1203333333333
"3860",63,38.643
"3868",68,34.7251666666667
"3873",55,42.62
"3874",52,35.4805
"3887",70,50.3718333333333
"3888",79,48.4425
"3891",76,44.6915
"3892",73,45.8621666666667
"3894",64,53.6383333333333
"3915",77,52.3248333333333
"3916",14,54.555
"3928",73,41.571
"3935",83,45.4096666666667
"3944",75,41.425
"3948",78,48.9835
"3953",67,37.8943333333333
"3961",43,43.5113333333333
"3964",57,23.6783333333333
"3968",64,39.004
"3970",77,47.5143333333333
"3971",70,50.4491666666667
"3977",76,35.3563333333333
"3982",58,45.701
"3986",50,48.8088333333333
"3987",48,45.5051666666667
"3990",84,46.3336666666667
"3996",48,48.7226666666667
"4000",67,49.4677380952381
"4007",45,49.4245
"4008",61,52.6363333333333
"4012",55,52.583
"4013",60,48.0645
"4019",57,47.9318333333333
"4020",54,52.741
"4023",55,44.839
"4024",55,45.2598333333333
"4026",50,51.674
"4038",56,51.3788333333333
"4039",48,45.0465
"4044",51,51.6911666666667
"4045",51,47.9345
"4048",56,57.7313333333333
"4050",12,46.2823333333333
"4052",10,35.934
"4054",6,42.2715
"4056",10,41.995
"4058",16,36.6686666666667
"4069",64,43.1603333333333
"4072",1,31.4965
"4073",59,51.1665
"4078",1,49.8568333333333
"4093",46,50.4146666666667
"4094",43,44.0415
"4096",43,39.4051666666667
"4107",41,42.6385
"4116",18,51.1548333333334
"4118",54,51.667
"4123",64,49.9615
"4132",57,33.3375
"4133",68,45.6095
"4136",48,34.3858333333333
"4143",7,48.7421666666666
"4147",60,49.239
"4149",63,45.1203333333333
"4150",62,48.8145
"4152",42,39.5111666666667
"4157",71,54.7786666666667
"4164",80,52.1628333333333
"4165",69,48.2405
"4173",77,40.9836666666667
"4175",72,39.1771666666667
"4181",79,34.339
"4182",70,48.6785
"4184",73,43.3668333333333
"4190",67,38.0968333333333
"4191",50,50.9166666666667
"4193",60,44.1691666666667
"4194",59,48.7618333333333
"4197",51,50.9403333333333
"4200",52,50.8085
"4205",54,37.3473333333333
"4210",26,46.9228333333333
"4211",50,49.9956666666667
"4222",44,44.0343333333333
"4230",61,45.6715
"4238",60,44.6318333333333
"4242",71,51.532
"4251",39,54.8093333333333
"4271",61,29.0963333333333
"4272",56,33.5075
"4276",54,36.032
"4291",77,38.0308333333333
"4292",42,29.4795
"4293",45,28.98
"4294",52,30.1263333333333
"4299",63,25.9298333333333
"4300",70,36.5096666666667
"4302",34,41.0403333333333
"4304",35,36.4148333333333
"4308",42,49.8455
"4316",17,35.4066666666667
"4317",66,33.3378333333333
"4318",53,48.553
"4327",3,37.7908333333333
"4328",64,39.4821666666667
"4338",44,40.186
"4347",37,42.0103333333333
"4349",22,40.4275
"4359",0,44.489
"4366",0,47.059
"4368",37,36.3761666666667
"4370",60,34.0466666666667
"4374",0,31.4366666666667
"4382",38,40.7906666666667
"4388",26,32.0605
"4390",28,38.2446666666667
"4391",38,46.17
"4392",29,39.1478333333333
"4398",30,39.6968333333333
"4399",30,36.1426666666667
"4432",28,36.1756666666667
"4433",26,32.6541666666667
"4442",20,32.3386666666667
"4443",65,34.5276666666667
"4460",45,41.6063333333333
"4464",40,41.8603333333333
"4465",38,47.4263333333333
"4468",51,34.2101666666667
"4474",70,48.4375
"4484",31,40.4016666666667
"4488",58,46.879
"4495",62,40.0453333333333
"4503",0,37.7388333333333
"4505",63,47.9555
"4516",0,34.2575
"4519",12,49.7781666666667
"4524",54,49.433
"4540",61,47.9348333333333
"4557",3,38.4628333333333
"4558",46,30.9103333333333
"4571",65,33.0976666666667
"4573",0,42.7336666666667
"4574",20,42.9735
"4582",63,30.8526666666667
"4584",66,37.1541666666667
"4596",49,43.6788333333333
"4605",48,35.515
"4608",54,38.0888333333333
"4611",49,33.0178333333333
"4613",54,51.6308333333333
"4615",68,40.439
"4621",60,46.51
"4623",0,40.7483333333333
"4634",79,40.0805
"4636",30,50.379
"4638",42,39.7395
"4651",36,40.196
"4654",0,45.9738333333333
"4663",28,44.5946666666667
"4669",31,31.2235
"4683",32,38.0256666666667
"4685",57,49.2626666666667
"4695",0,47.926
"4716",39,50.445
"4720",63,40.5711666666667
"4721",37,54.3676666666667
"4736",43,29.5655
"4742",41,35.8061666666667
"4747",63,46.5001666666667
"4754",36,36.3056666666667
"4756",43,41.1543333333333
"4761",59,39.3343333333333
"4770",33,34.2983333333333
"4773",39,33.8631666666667
"4779",32,42.5146666666667
"4788",17,42.4366666666667
"4792",0,37.8516666666667
"4797",0,38.3195
"4802",19,29.3416666666667
"4804",47,34.4315
"4808",64,45.8943333333333
"4809",14,42.552
"4811",1,42.433
"4816",66,37.1925
"4818",60,30.2088333333333
"4821",58,37.8485
"4834",36,33.5838333333333
"4841",27,31.8238333333333
"4843",48,29.9675
"4854",60,39.4311666666667
"4857",67,41.3223333333333
"4863",71,45.5398333333333
"4869",0,39.2091666666667
"4870",9,45.8056666666667
"4877",73,55.9273333333333
"4881",3,40.0211666666667
"4883",2,14.4055
"4890",22,42.1076666666667
"4891",57,34.0143333333333
"4900",59,45.6876666666667
"4902",18,33.1135
"4904",6,32.592
"4918",1,33.8121666666667
"4941",9,44.7048333333333
"4943",36,32.545
"4944",22,40.3088333333333
"4945",1,32.8946666666667
"4946",0,33.9855
"4958",30,32.856
"4968",20,49.0103333333333
"4980",6,36.7945
"4981",5,39.8703333333333
"4982",32,40.2578333333333
"4984",39,49.1088333333334
"4989",43,44.1478333333333
"5006",43,39.903
"5010",56,50.817
"5017",37,37.1423333333333
"5022",54,37.0575
"5024",19,47.2273333333333
"5028",27,52.083
"5037",54,44.8373333333333
"5038",35,32.2773333333333
"5043",58,47.5571666666667
"5048",57,47.4681666666667
"5079",35,50.182
"5081",0,50.1378333333333
"5082",36,42.0568333333333
"5083",38,57.267
"5084",38,46.4248333333333
"5088",5,38.6133333333333
"5090",50,56.8443333333333
"5093",37,37.5783333333333
"5094",45,46.4628333333333
"5095",0,41.3016666666667
"5108",0,45.0111666666667
"5116",65,30.1388333333333
"5118",1,39.6405
"5122",58,39.8466666666667
"5126",0,47.1551666666667
"5141",0,38.4258333333333
"5142",30,40.2825
"5146",40,42.8943333333333
"5154",51,40.781
"5157",21,32.3773333333333
"5163",0,52.778
"5168",0,45.4345
"5169",61,43.4655
"5179",51,36.5205
"5194",1,43.725
"5201",28,40.552
"5203",15,50.1648333333333
"5204",62,47.721
"5206",51,42.7766666666667
"5208",53,48.6116666666667
"5209",32,43.5615
"5211",22,48.7431666666667
"5219",27,40.1486666666667
"5223",35,40.5511666666667
"5224",8,55.4545
"5225",26,30.2708333333333
"5226",40,58.4018333333333
"5246",65,32.5036666666667
"5247",56,32.24
"5249",0,37.9838333333333
"5255",47,44.626
"5262",68,32.0446666666667
"5280",45,37.9448333333333
"5282",46,31.4153333333333
"5295",19,39.186
"5299",1,36.9406666666667
"5308",25,20.6298333333333
"5309",53,27.6275
"5310",2,33.5343333333333
"5320",52,42.8641666666666
"5324",0,49.613
"5326",43,39.2358333333333
"5327",3,37.4963333333333
"5329",0,50.1001666666667
"5331",43,50.6821666666667
"5334",39,39.2206666666667
"5342",72,41.9446666666667
"5343",41,34.3705
"5356",0,36.699
"5360",52,45.7155
"5361",68,47.5255
"5365",47,33.3973333333333
"5375",22,47.0261666666667
"5384",0,44.3418333333333
"5396",55,49.8603333333333
"5403",14,49.7936666666667
"5404",37,52.3086666666667
"5405",20,45.2146666666667
"5411",17,36.1043333333333
"5412",42,46.0845
"5428",43,37.9676666666667
"5448",74,39.5998333333333
"5449",70,49.2306666666667
"5452",75,44.295
"5458",79,52.7771666666667
"5460",0,51.6876666666667
"5461",30,35.6301666666667
"5464",1,38.8981666666667
"5469",0,42.3431666666667
"5472",0,38.8661666666667
"5475",0,38.1823333333333
"5483",0,35.6125
"5488",60,52.3128333333333
"5490",60,39.5766666666667
"5492",60,36.2128333333333
"5494",47,42.6558333333333
"5496",41,52.2536666666667
"5507",43,37.0536666666667
"5510",27,33.6398333333333
"5516",0,35.8325
"5518",46,39.268
"5519",50,29.7998333333333
"5522",24,31.2523333333333
"5524",39,42.5186666666667
"5529",24,36.3131666666667
"5539",31,40.9001666666667
"5544",39,36.809
"5551",23,38.2768333333333
"5558",41,33.7601666666667
"5562",48,45.739
"5565",51,32.7518333333333
"5566",12,48.503
"5573",0,45.9231666666667
"5576",0,51.0883333333333
"5577",30,36.0851666666667
"5585",0,42.0988333333333
"5589",0,40.3338333333333
"5595",38,38.1763333333333
"5598",55,31.8706666666667
"5606",0,45.6386666666667
"5608",60,44.1995
"5611",61,50.8986666666667
"5612",63,49.2826666666667
"5615",53,39.457
"5617",70,45.2628333333333
"5621",53,39.8838333333333
"5629",78,50.9795
"5636",76,55.0721666666667
"5641",67,49.2831666666667
"5648",63,44.6898333333333
"5650",70,47.1293333333333
"5651",61,51.4416904761905
"5652",68,47.2185
"5657",71,58.8498333333333
"5658",22,38.4505
"5660",1,50.1188333333333
"5667",73,38.6655
"5669",65,38.4858333333333
"5670",57,42.315
"5681",72,45.8475
"5684",45,44.7531666666667
"5686",62,52.33
"5690",60,38.8435
"5691",58,45.4151666666667
"5698",57,47.7035
"5700",61,37.5215
"5704",73,55.128
"5707",64,47.104
"5712",55,50.9348333333333
"5715",46,48.477
"5719",71,42.1443333333333
"5721",67,49.3086666666667
"5726",61,38.5363333333333
"5729",48,46.2421666666667
"5731",65,46.5538333333333
"5739",62,39.5086666666667
"5742",57,49.2328333333333
"5746",51,51.9255
"5747",56,49.4838333333333
"5761",58,34.2131666666667
"5762",61,48.3643333333333
"5769",47,51.3436666666667
"5773",55,42.1573333333333
"5774",55,43.1386666666667
"5775",54,41.6273333333333
"5784",67,49.408
"5794",51,48.0125
"5798",61,47.1351666666667
"5799",45,49.6468333333333
"5803",66,54.6371666666666
"5806",66,44.514
"5811",64,39.4715
"5817",73,51.0963333333333
"5819",66,55.6005
"5830",48,55.7543333333333
"5835",53,37.2693333333333
"5839",51,45.5753333333333
"5842",42,33.1931666666667
"5850",42,26.4845
"5855",53,38.1376666666667
"5857",47,35.4031666666667
"5859",46,46.044
"5862",46,49.209
"5880",6,39.2378333333333
"5908",71,43.7115
"5910",72,47.1828333333333
"5914",72,47.0218333333333
"5915",68,44.1118333333333
"5918",65,45.6733333333333
"5923",53,45.8713333333333
"5927",59,45.9596666666667
"5932",62,49.1603333333333
"5938",45,54.3678333333333
"5939",40,51.1833333333333
"5947",47,43.6331666666666
"5948",62,41.8148333333333
"5951",4,55.9195
"5953",3,55.8895
"5956",63,50.2508333333333
"5963",43,33.384
"5966",3,33.944
"5970",46,39.1873333333333
"5976",43,39.4518333333333
"5979",59,41.6361666666667
"5984",3,37.9373333333333
"5988",37,37.704
"5991",47,36.236
"5992",49,35.199
"5997",44,31.3021666666667
"6003",5,31.8718333333333
"6007",41,34.4438333333333
"6009",44,36.2115
"6014",55,31.8465
"6016",40,32.3518333333333
"6020",32,40.971
"6027",40,42.9165
"6030",55,50.5045
"6036",63,45.7048333333333
"6038",50,46.2396666666667
"6041",48,54.4445
"6042",55,41.0616666666667
"6048",38,42.246
"6063",63,45.9083333333333
"6065",38,49.6046666666667
"6067",43,47.1208333333333
"6069",40,32.8463333333333
"6071",38,53.458
"6072",49,43.6656666666667
"6079",63,37.3376666666667
"6082",39,47.2596666666667
"6100",63,43.0013333333333
"6107",59,17.4015
"6126",2,43.8776666666667
"6130",35,41.7745
"6132",44,49.665
"6138",35,33.2171666666667
"6140",33,42.8681666666667
"6142",33,40.1948333333333
"6150",40,33.0158333333333
"6152",35,33.1638333333333
"6153",34,42.2688333333333
"6156",15,37.2998333333333
"6160",78,45.0628333333333
"6164",60,41.5183333333333
"6169",53,46.423
"6187",46,43.9315
"6191",60,35.8888333333333
"6199",75,42.1696666666667
"6207",76,35.1638333333333
"6212",83,37.664
"6223",39,40.9205
"6241",37,44.1466666666667
"6245",28,48.9228333333333
"6250",41,38.1323333333333
"6256",44,37.3293333333333
"6258",45,38.9853333333333
"6264",34,32.472
"6270",49,57.2085
"6288",38,31.1385
"6289",66,52.7731666666667
"6293",43,43.1633333333333
"6301",36,42.0751666666667
"6306",63,46.4506666666667
"6320",50,58.7146666666667
"6329",42,52.6161666666667
"6344",0,50.9226666666667
"6349",2,55.9195
"6351",53,42.7891666666667
"6354",61,49.0555
"6360",74,46.7245
"6364",3,50.7986666666667
"6365",58,52.851
"6374",40,41.9848333333333
"6377",72,46.8153333333333
"6378",84,47.6206666666667
"6382",89,55.1205
"6386",0,38.2185
"6395",83,50.4483333333333
"6397",23,56.9808333333333
"6403",80,50.6205
"6405",77,48.2038333333333
"6406",59,43.1236666666667
"6416",32,45.1465
"6440",60,34.3595
"6441",61,32.2493333333333
"6448",48,42.151
"6449",53,32.1051666666667
"6451",3,34.7685
"6452",3,40.662
"6473",52,41.5485
"6474",14,35.751
"6490",1,43.2326666666667
"6492",0,41.1633333333333
"6505",35,42.231
"6512",25,43.6688333333333
"6515",25,38.413
"6521",38,37.5931666666667
"6523",21,37.026
"6529",22,45.9295
"6531",21,37.3505
"6533",17,40.2098333333333
"6538",20,32.61
"6542",41,45.4976666666667
"6544",30,33.7213333333333
"6554",0,33.214
"6559",0,31.0046666666667
"6560",0,31.6038333333333
"6563",33,37.0906666666667
"6564",49,30.0855
"6565",46,36.7388333333333
"6567",40,44.7193333333333
"6571",37,46.4785
"6582",44,40.719
"6590",46,37.728
"6592",53,60.3141666666667
"6600",55,38.6256666666667
"6605",0,37.5936666666667
"6608",33,34.1381666666667
"6611",2,38.7848333333333
"6616",42,34.4566666666667
"6620",58,31.7015
"6622",54,40.3946666666667
"6630",64,33.6593333333333
"6632",0,33.4146666666667
"6637",1,34.3976666666667
"6638",36,36.6766666666667
"6640",55,26.3853333333333
"6645",43,38.0731666666667
"6648",1,33.9918333333333
"6662",47,34.5156666666667
"6667",34,37.056
"6668",0,32.8531666666667
"6675",10,33.0805
"6680",0,31.8386666666667
"6684",50,44.735
"6688",5,39.4695
"6689",59,28.6138333333333
"6690",60,45.6896666666667
"6694",74,35.2213333333333
"6697",15,39.0561666666667
"6701",65,41.0703333333333
"6702",63,36.0568333333333
"6726",35,46.2201666666667
"6729",61,34.7048333333333
"6731",77,31.1525
"6733",22,36.0286666666667
"6735",22,38.5088333333333
"6744",16,40.8813333333333
"6747",73,46.2041666666667
"6749",35,28.0058333333333
"6760",71,31.1376666666667
"6761",59,40.805
"6763",41,43.8816666666667
"6764",54,44.8228333333333
"6771",0,39.7651666666667
"6782",26,43.1063333333333
"6783",51,37.245
"6787",5,40.9555
"6797",7,37.1316666666667
"6806",75,23.5158333333333
"6811",44,44.783
"6815",69,35.3081666666667
"6818",4,39.7361666666667
"6824",41,38.5955
"6836",26,42.1603333333333
"6855",45,40.8605
"6869",48,42.2708333333333
"6874",47,41.9301666666667
"6875",42,32.5081666666667
"6884",54,35.2268333333333
"6897",36,37.4171666666667
"6909",37,36.526
"6912",44,49.0623333333334
"6922",64,42.9965
"6928",82,41.8103333333333
"6935",36,45.0543333333333
"6937",44,35.0201666666667
"6965",70,50.6225
"6967",64,32.9416666666667
"6977",47,44.0841666666667
"6981",56,45.074
"6983",52,26.2453333333333
"6986",54,40.1698333333333
"6988",50,41.398
"6989",63,25.5468333333333
"6997",60,34.7581666666667
"6999",61,38.1255
"7002",68,37.4296666666667
"7004",50,32.5965
"7005",69,43.4458333333333
"7007",48,38.3843333333333
"7011",52,35.0636666666667
"7014",64,39.74
"7022",66,28.66
"7024",16,34.394
"7026",67,39.1283333333333
"7027",73,36.3123333333334
"7032",73,36.966
"7036",55,33.9986666666667
"7037",71,39.7235
"7044",5,40.2273333333333
"7048",64,34.2173333333333
"7049",49,45.8991666666667
"7050",77,37.1755
"7051",76,39.5785
"7055",71,41.8366666666667
"7067",27,40.2756666666667
"7068",61,38.8326666666667
"7073",59,44.7331666666667
"7079",15,48.5541666666667
"7080",61,37.0355
"7089",68,39.5111666666667
"7098",44,30.2873333333333
"7104",56,54.9825
"7106",65,39.598
"7107",54,43.468
"7114",1,36.1501666666667
"7119",52,49.5801666666667
"7124",47,45.226
"7125",0,46.2645
"7127",42,43.4858333333333
"7128",41,39.8878333333333
"7140",60,36.0921666666667
"7147",40,25.9495
"7151",43,32.5235
"7156",5,39.6146666666667
"7157",45,43.5083333333333
"7158",44,29.8761666666667
"7177",61,39.2335
"7186",48,39.2173333333333
"7189",46,42.545
"7201",25,39.0303333333333
"7204",58,37.0938333333333
"7206",44,41.5456666666667
"7210",4,47.7213333333333
"7222",56,47.1891666666667
"7224",39,39.1701666666667
"7225",7,42.167
"7226",53,36.9431666666667
"7227",44,37.4145
"7236",3,41.7806666666667
"7242",66,43.8045
"7243",36,40.1561666666667
"7245",21,39.1716666666667
"7258",38,40.6671666666667
"7259",0,16.7883333333333
"7264",1,41.833
"7271",34,46.5681666666667
"7273",34,33.8388333333333
"7279",32,50.2385
"7281",19,35.8218333333333
"7282",29,38.0538333333333
"7288",31,37.0261666666667
"7292",3,64.4758333333333
"7303",0,39.8766666666667
"7311",55,34.2971666666667
"7312",68,36.5778333333333
"7315",19,37.839
"7318",46,36.4796666666667
"7321",15,37.984
"7322",15,39.3551666666667
"7326",2,40.6115
"7329",13,40.2931666666667
"7333",0,33.0883333333333
"7335",0,41.0918333333333
"7343",0,31.6733333333333
"7352",0,36.0205
"7357",0,39.6793333333333
"7365",0,34.5441666666667
"7368",0,35.0305
"7372",38,39.7806666666667
"7376",64,40.9465
"7379",42,41.1455
"7384",10,41.9603333333333
"7385",30,30.8615
"7387",50,36.1326666666667
"7391",10,42.3883333333333
"7397",16,38.3695
"7401",8,36.7301666666667
"7410",51,38.5601666666667
"7411",52,39.6691666666667
"7417",72,37.784
"7419",56,37.5341666666667
"7420",52,34.32
"7421",41,37.6341666666667
"7422",44,36.063
"7425",40,35.5643333333333
"7427",41,39.099
"7430",51,32.509
"7434",49,40.4556666666667
"7435",15,39.4236666666667
"7437",64,41.9793333333333
"7454",10,38.5898333333333
"7455",1,32.5985
"7456",60,39.8621666666667
"7461",7,40.7016666666667
"7463",28,44.0245
"7473",49,32.6701666666667
"7474",56,39.2738333333333
"7479",4,31.2265
"7481",37,41.6571666666667
"7487",55,44.8728333333333
"7493",26,29.117
"7494",0,38.2721666666667
"7505",8,46.6663333333333
"7507",3,40.2671666666667
"7512",2,38.7371666666667
"7532",1,43.6561666666667
"7580",67,28.6381666666667
"7582",70,33.9446666666667
"7584",70,33.5418333333333
"7588",65,30.3863333333333
"7591",30,33.934
"7592",58,37.4283333333333
"7594",68,35.255
"7597",57,37.6036666666667
"7610",58,48.7466666666667
"7612",51,39.8611666666667
"7613",64,32.7323333333333
"7614",68,39.4046666666667
"7618",59,41.169
"7627",57,42.3805
"7632",73,39.0408333333333
"7633",58,33.1938333333333
"7638",71,32.8053333333333
"7646",73,37.6845
"7647",78,43.9546666666667
"7651",75,42.1256666666667
"7653",77,41.6166666666667
"7655",70,41.0551666666667
"7656",69,40.3238333333333
"7667",61,46.5341666666667
"7670",74,44.5161666666667
"7673",60,41.1895
"7674",73,46.407
"7678",75,36.6235
"7679",36,48.1375
"7690",68,30.4121666666667
"7709",28,37.321
"7713",52,35.0111666666667
"7714",12,30.561
"7716",69,34.0323333333333
"7720",13,42.3525
"7722",61,39.3723333333333
"7727",27,33.5066666666667
"7732",19,36.4056666666667
"7734",45,33.1015
"7735",45,36.5218333333333
"7736",17,38.5211666666667
"7748",69,47.8555
"7754",57,38.7991666666667
"7764",65,36.847
"7769",65,31.0373333333333
"7770",70,31.406
"7773",64,31.3206666666667
"7774",50,49.1138333333333
"7777",65,42.5303333333333
"7789",75,39.6653333333333
"7791",76,41.1391666666667
"7793",61,48.7493333333333
"7795",52,39.9883333333334
"7801",58,35.6278333333333
"7805",58,33.473
"7820",48,36.9706666666667
"7831",43,36.5715
"7849",56,37.5506666666667
"7859",43,36.8185
"7860",47,36.9376666666667
"7864",58,36.211
"7866",65,34.7415
"7879",58,38.4845
"7880",57,41.8468333333333
"7883",52,30.5743333333333
"7886",8,45.7848333333333
"7897",62,42.037
"7898",13,38.7651666666667
"7907",51,39.067
"7911",38,38.0748333333333
"7915",53,34.4056666666667
"7919",53,39.7171666666667
"7925",52,33.1935
"7934",60,33.3246666666667
"7941",42,33.6738333333333
"7948",53,32.7013333333333
"7951",42,36.0303333333333
"7962",27,38.8031666666667
"7963",50,35.5666666666667
"7964",39,40.2141666666667
"7973",53,30.1318333333333
"7975",67,38.5383333333333
"7979",54,37.631
"7983",34,41.0006666666667
"7987",63,41.7365
"7991",73,32.6606666666667
"8000",70,34.9288333333333
"8001",56,36.8778333333333
"8003",59,39.3613333333333
"8007",39,39.1985
"8009",80,35.3753333333333
"8011",64,45.1981666666667
"8015",37,45.097
"8021",45,34.3576666666667
"8024",45,34.9118333333333
"8025",3,43.4285
"8027",14,34.5716666666667
"8034",41,35.6951666666667
"8035",52,40.9155
"8040",57,41.775
"8049",30,39.4595
"8050",55,32.8938333333333
"8055",33,30.1793333333333
"8060",55,39.8956666666667
"8061",64,37.8888333333333
"8067",76,47.6678333333333
"8074",60,44.6821666666667
"8090",7,36.1405
"8091",30,44.2733333333333
"8094",18,41.9796666666667
"8096",53,40.2198333333333
"8097",8,34.846
"8098",4,44.8971666666667
"8099",71,38.9656666666667
"8104",54,39.3633333333333
"8112",65,34.7346666666667
"8113",55,42.5753333333333
"8121",41,47.616
"8122",68,41.176
"8124",57,46.4973333333333
"8138",34,36.504
"8140",24,31.1668333333333
"8141",23,36.7426666666667
"8143",49,30.8898333333333
"8148",59,29.6628333333333
"8150",75,47.9521666666667
"8169",66,30.9573333333333
"8175",62,41.8858333333333
"8176",49,37.4536666666667
"8178",62,46.3535
"8181",39,40.0945
"8182",50,40.9041666666667
"8188",11,37.4865
"8189",42,40.4411666666667
"8191",46,38.845
"8192",60,39.7868333333333
"8193",47,35.284
"8196",41,27.5931666666667
"8198",47,35.7905
"8212",51,37.3803333333333
"8217",37,30.1395
"8220",54,43.4518333333333
"8225",41,30.0185
"8227",33,35.2291666666667
"8229",21,35.9538333333333
"8232",39,41.243
"8234",41,45.7848333333333
"8238",38,36.0493333333333
"8248",39,37.9846666666667
"8250",44,28.8123333333333
"8253",33,33.0305
"8255",32,39.8665
"8258",48,40.8561666666667
"8261",39,41.487
"8269",10,39.1593333333333
"8273",41,40.6136666666667
"8277",44,34.4698333333333
"8285",3,28.6176666666667
"8288",47,37.6251666666667
"8290",4,43.1406666666667
"8292",51,24.4626666666667
"8299",61,44.3815
"8302",74,36.374
"8303",55,29.694
"8304",53,35.2235
"8314",26,37.8253333333333
"8315",66,41.9331666666667
"8322",31,37.0466666666667
"8328",71,48.2085
"8343",0,39.607
"8344",0,43.6966666666667
"8347",26,31.0748333333333
"8350",31,35.6643333333333
"8362",61,41.1388333333333
"8364",0,31.605
"8371",45,42.0105
"8374",0,39.0798333333333
"8380",68,39.7103333333333
"8382",58,43.194
"8387",26,38.4581666666667
"8388",43,39.891
"8391",53,41.3795
"8393",40,35.6616666666667
"8396",34,35.6541666666667
"8404",51,43.9886666666667
"8418",1,41.6513333333333
"8421",6,35.5561666666667
"8430",14,38.097
"8433",30,48.368
"8435",60,35.7246666666667
"8441",22,38.0755
"8442",37,42.2061666666667
"8446",70,29.742
"8449",1,28.4418333333333
"8456",48,41.8205
"8460",15,34.4076666666667
"8461",56,35.1408333333333
"8466",15,38.519
"8488",54,41.493
"8493",0,35.5556666666667
"8500",52,39.7258333333333
"8504",32,35.8943333333333
"8506",2,40.7248333333333
"8507",57,32.3765
"8508",61,34.6163333333333
"8509",37,45.0965
"8511",2,34.2701666666667
"8518",62,35.4215
"8521",3,42.8268333333333
"8524",35,37.1728333333333
"8529",62,41.488
"8530",0,21.242
"8531",50,39.3565
"8547",31,37.1635
"8550",45,38.7358333333333
"8554",55,39.946
"8555",62,35.1483333333333
"8557",31,41.6051666666667
"8562",0,41.9898333333333
"8569",0,34.0883333333333
"8579",1,31.5211666666667
"8584",0,33.7956666666667
"8587",63,31.0216666666667
"8589",40,30.4946666666667
"8590",55,42.2631666666667
"8594",76,36.7991666666667
"8595",67,42.2131666666667
"8598",75,37.6146666666667
"8599",56,36.4323333333333
"8600",67,39.7635
"8607",46,38.9535
"8612",70,39.5655
"8624",51,40.7963333333333
"8625",70,38.9378333333333
"8640",38,31.789
"8642",33,43.8376666666667
"8647",28,35.7438333333333
"8648",28,39.944
"8649",34,39.982
"8652",27,48.675
"8654",21,40.0375
"8659",30,38.8743333333333
"8664",39,49.5401666666667
"8673",17,43.1305
"8677",18,36.1406666666667
"8685",24,43.2481666666667
"8686",23,33.4538333333333
"8687",16,47.2301666666667
"8688",61,34.1458333333333
"8689",57,46.283
"8695",1,38.9683333333333
"8696",45,34.823
"8699",0,44.3275
"8703",39,32.2165
"8706",60,43.9691666666667
"8717",41,35.9761666666667
"8718",33,41.9393333333333
"8739",18,35.1686666666667
"8760",0,38.8818333333333
"8769",0,46.8591666666667
"8778",0,33.3646666666667
"8787",14,41.8678333333333
"8790",48,40.2805
"8791",24,36.9968333333333
"8798",1,34.7216666666667
"8799",48,33.9608333333333
"8804",22,34.1311666666667
"8806",0,34.0365
"8815",65,40.826
"8816",50,32.2863333333333
"8817",57,42.7368333333333
"8818",1,38.8628333333333
"8819",54,42.1385
"8825",63,38.3423333333333
"8828",58,42.1951666666667
"8836",50,37.875
"8843",57,52.6063333333333
"8846",54,41.1195
"8847",47,48.3975
"8852",56,40.6886666666667
"8856",6,50.9548333333333
"8858",40,33.7956666666667
"8859",6,40.4053333333333
"8866",59,32.3096666666667
"8872",48,42.4533333333333
"8878",48,36.486
"8879",41,49.7575
"8887",3,36.3251666666667
"8889",5,44.4061666666667
"8890",4,52.5765
"8896",5,36.3601666666667
"8906",67,50.2501666666667
"8912",51,50.2183333333333
"8913",54,45.4246666666667
"8926",66,54.2636666666667
"8930",55,40.6546666666667
"8946",51,41.2235
"8951",76,47.3908333333333
"8958",45,49.3826666666667
"8963",40,40.133
"8974",49,41.643
"8977",42,29.7401666666667
"8981",48,33.0645
"8986",39,37.191
"8989",33,36.1108333333333
"8993",52,39.2993333333333
"8996",51,45.3931666666667
"8999",2,40.4783333333333
"9003",44,47.8191666666667
"9004",39,37.7316666666667
"9021",45,35.2205
"9023",53,32.7788333333333
"9024",40,37.6
"9034",43,32.976
"9038",54,32.175
"9039",4,39.0663333333333
"9048",45,34.1051666666667
"9050",3,33.5351666666667
"9054",2,35.5721666666667
"9059",38,39.1528333333333
"9067",54,36.7518333333333
"9078",43,44.0471666666667
"9080",46,51.5233333333333
"9086",27,32.548
"9090",47,38.6545
"9091",48,48.9223333333333
"9093",45,45.9145
"9100",67,51.082
"9104",46,44.9938333333333
"9105",72,39.6118333333333
"9107",63,50.0593333333333
"9119",3,48.7215
"9124",63,47.3346666666667
"9126",64,46.5686666666667
"9135",33,46.513
"9142",63,48.8651666666667
"9146",50,46.5375
"9151",37,32.7408333333333
"9152",33,37.5715
"9154",16,33.9966666666667
"9157",44,47.1585
"9163",59,43.4903333333333
"9165",47,38.0478333333333
"9167",51,48.5348333333333
"9176",41,44.3456666666667
"9184",40,40.2675
"9191",61,48.1405
"9195",37,35.3673333333333
"9199",36,51.045
"9205",37,48.9461666666667
"9219",31,42.6368333333333
"9223",48,39.923
"9228",58,38.2941666666667
"9230",54,43.7938333333333
"9231",50,40.3385
"9235",49,35.484
"9239",38,46.8583333333333
"9248",25,38.7921666666667
"9249",14,41.9548333333333
"9250",39,47.6498333333333
"9252",19,32.7485
"9256",54,51.9255
"9264",38,36.2496666666667
"9275",60,43.4463333333333
"9277",43,43.8428333333333
"9281",56,42.2258333333333
"9288",50,42.6758333333333
"9292",40,44.6851666666667
"9296",9,44.9608333333333
"9302",48,49.1076666666667
"9308",35,37.5063333333333
"9311",0,32.0528333333333
"9314",5,42.5486666666667
"9315",57,43.7446666666667
"9325",47,40.9923333333333
"9326",5,43.8885
"9331",48,40.1066666666667
"9336",36,41.3326666666667
"9339",46,41.1336666666667
"9342",39,43.5443333333333
"9359",31,44.0881666666667
"9372",41,45.691
"9375",35,36.2558333333333
"9376",49,47.9956666666667
"9379",51,42.7268333333333
"9380",39,50.4151666666667
"9390",35,46.9511666666667
"9391",59,42.1016666666667
"9395",33,43.6476666666667
"9396",29,40.2476666666667
"9405",38,36.2145
"9412",69,42.416
"9414",43,42.9468333333333
"9415",60,42.4645
"9430",37,36.3601666666667
"9433",54,28.6178333333333
"9446",3,46.4793333333333
"9447",7,43.3578333333333
"9449",3,37.728
"9451",0,45.2645
"9453",39,46.6848333333333
"9455",5,36.3488333333333
"9456",24,25.6438333333333
"9460",24,42.464
"9461",8,36.596
"9469",11,53.2578333333333
"9472",36,54.9421666666666
"9474",48,37.8448333333333
"9476",59,44.0093333333333
"9480",56,43.6048333333333
"9488",15,52.2985
"9489",16,50.4858333333333
"9492",16,52.8643333333333
"9503",72,48.3395
"9504",78,47.956
"9509",73,49.5643333333333
"9510",22,43.4215
"9515",28,33.0628333333333
"9518",14,38.0576666666667
"9521",63,33.0883333333333
"9524",60,44.6841666666667
"9527",60,52.0703333333333
"9529",0,46.7101666666667
"9531",40,29.7106666666667
"9534",17,37.3515
"9554",67,50.927
"9564",69,44.0805
"9567",77,46.9098333333333
"9576",68,38.303
"9577",65,43.88
"9582",48,32.8096666666667
"9600",67,40.202
"9608",63,35.3275
"9610",55,37.3778333333333
"9624",57,43.0551666666667
"9630",69,47.1695
"9634",76,46.9083333333333
"9635",61,50.2853333333333
"9654",65,51.8501666666667
"9661",78,49.207
"9665",85,47.2631666666667
"9666",71,46.0935
"9668",69,63.0188333333333
"9669",60,40.6586666666667
"9671",75,43.106
"9674",68,44.1953333333333
"9675",57,41.6228333333333
"9676",78,46.6598333333333
"9680",52,45.346
"9681",66,47.6875
"9684",77,45.5156666666667
"9689",48,50.1621666666667
"9701",67,52.678
"9706",39,50.6158333333333
"9716",51,44.6775
"9718",30,35.448
"9720",16,48.2401666666666
"9721",53,52.1886666666667
"9725",39,44.2893333333333
"9740",54,46.6398333333333
"9741",62,50.1755
"9742",36,44.1611666666667
"9748",45,49.496
"9751",87,49.867
"9756",76,52.3223333333333
"9765",76,51.6146666666667
"9774",64,57.3591666666667
"9779",76,55.306
"9780",9,46.4856666666667
"9783",57,48.1603333333333
"9787",60,28.2108333333333
"9800",38,42.0068333333333
"9802",38,43.0355
"9803",1,43.3195
"9804",18,37.3103333333333
"9808",0,39.6823333333333
"9821",11,47.986
"9839",76,51.7005
"9841",71,43.6781666666667
"9843",0,43.961
"9845",9,43.3
"9846",4,44.2275
"9857",2,48.6666666666667
"9862",44,40.6988333333333
"9869",44,34.1631666666667
"9878",45,39.9126666666667
"9881",37,37.491
"9883",29,43.969
"9892",50,33.226
"9904",6,41.2473333333333
"9906",46,47.1465
"9908",32,45.2885
"9912",0,47.333
"9915",48,41.8031666666667
"9922",33,46.3756666666667
"9924",0,42.1033333333333
"9926",0,42.5446666666667
"9929",69,38.0793333333333
"9942",72,46.6336666666667
"9943",42,44.732
"9945",66,29.2005
"9949",25,40.9061666666667
"9951",40,40.7818333333333
"9953",51,47.9181666666667
"9954",63,51.7428333333333
"9957",53,42.0318333333333
"9958",0,43.2493333333334
"9965",45,43.4981666666667
"9970",23,46.3246666666667
"9972",2,55.4956666666667
"9975",35,44.054
"9979",51,42.7105
"9981",38,48.4893333333333
"9983",54,46.299
"9984",36,41.9411666666667
"9985",59,43.4791666666667
"9988",68,50.0376666666667
"9989",44,50.1053333333333
"9992",38,50.382
"9995",72,50.0423333333333
"9996",43,51.1081666666667
"10003",53,41.9315
"10010",15,46.9166666666667
"10013",38,34.8103333333333
"10014",38,35.0895
"10016",40,35.0531666666667
"10022",39,36.1495
"10023",75,46.2341666666667
"10024",68,50.5261666666667
"10031",76,51.0015
"10035",88,46.9756666666667
"10039",75,42.8498333333333
"10040",82,46.9455
"10047",71,42.6436666666667
"10058",35,41.4806666666667
"10060",43,39.1155
"10061",37,33.8255
"10065",27,31.0006666666667
"10067",34,29.6466666666667
"10080",28,47.9485
"10081",18,42.757
"10086",60,47.2521666666667
"10088",20,40.2298333333333
"10090",40,34.5055
"10103",76,43.2696666666667
"10104",70,53.722
"10115",72,39.6248333333333
"10119",57,34.6745
"10121",63,38.3938333333333
"10125",71,49.0455
"10127",55,41.4831666666667
"10128",3,37.4216666666667
"10131",51,36.0233333333333
"10133",68,42.1315
"10134",40,32.9625
"10142",63,49.9925
"10150",68,46.4105
"10152",66,33.7293333333333
"10153",65,43.979
"10158",74,48.5166666666667
"10159",36,56.6795
"10161",68,46.0091666666667
"10165",64,43.7006666666667
"10167",43,49.9708333333333
"10168",62,40.3285
"10171",39,46.1275
"10174",50,34.9931666666667
"10198",17,43.7588333333333
"10201",51,50.9801666666667
"10217",71,38.6091666666667
"10219",36,39.9636666666667
"10221",64,47.1451666666667
"10225",6,40.3736666666667
"10226",24,33.675
"10230",28,38.4041666666667
"10231",49,35.4036666666667
"10234",29,40.1011666666667
"10239",36,30.1295
"10240",32,35.8386666666667
"10243",37,41.2188333333333
"10251",45,34.7961666666667
"10253",38,42.835
"10254",40,30.951
"10264",39,36.0111666666667
"10270",64,50.8301666666667
"10272",71,46.9545
"10275",77,38.4838333333333
"10278",72,43.3336666666667
"10280",78,39.1076666666667
"10282",83,40.3391666666667
"10284",81,47.5336666666666
"10289",64,51.7581666666667
"10291",53,45.083
"10298",66,39.679
"10303",51,44.7381666666667
"10305",58,47.1858333333333
"10307",53,43.209
"10310",55,50.5143333333333
"10315",69,47.4901666666667
"10324",63,52.7353333333333
"10325",73,39.012
"10337",63,45.3868333333333
"10344",60,40.1808333333333
"10347",61,36.0183333333333
"10353",50,32.9776666666667
"10365",54,33.1259285714286
"10367",54,35.5111666666667
"10370",54,49.1546666666667
"10374",0,37.0955
"10380",79,42.2186666666667
"10382",71,49.9676666666667
"10394",62,46.0283333333333
"10413",73,39.3808333333333
"10418",60,36.8835
"10432",62,39.3995
"10433",0,41.8663333333333
"10438",51,44.6405
"10447",49,40.8946666666667
"10450",56,44.6051666666667
"10453",0,43.3631666666667
"10455",63,45.3943333333333
"10465",54,39.6776666666667
"10466",59,47.326
"10467",0,49.786
"10468",58,38.9458333333333
"10471",31,48.008
"10472",38,46.0688333333333
"10473",56,40.5328333333333
"10476",45,37.8888333333333
"10481",65,55.1741666666667
"10486",74,41.8973333333333
"10493",53,56.4236666666667
"10497",62,40.7986666666667
"10503",75,47.3765
"10507",63,47.7718333333333
"10512",61,40.516
"10523",1,33.115
"10529",41,37.9725
"10532",38,35.2266666666667
"10533",67,38.0256666666667
"10538",48,43.8298333333333
"10540",57,54.0498333333333
"10543",40,52.7771666666667
"10545",15,35.773
"10550",61,40.4761666666667
"10552",57,43.842
"10553",51,46.3706666666667
"10563",0,36.7585
"10568",60,20.3496666666667
"10579",0,36.1328333333333
"10580",0,36.0345
"10581",35,35.9976666666667
"10585",58,37.4658333333333
"10588",51,44.4653333333333
"10593",65,47.3723333333333
"10603",31,52.6475
"10604",59,42.3075
"10605",38,41.4073333333333
"10617",58,53.2505
"10625",36,37.1086666666667
"10627",30,43.471
"10637",0,34.1963333333333
"10651",58,43.7456666666667
"10654",24,54.672
"10656",18,41.5858333333333
"10659",67,44.4851666666667
"10661",50,38.9123333333333
"10666",3,32.1251666666667
"10671",53,39.0638333333333
"10672",1,36.9201666666667
"10673",47,51.0673571428571
"10678",46,38.6063333333333
"10686",65,48.0438333333333
"10687",0,48.9858333333333
"10694",2,38.4986666666667
"10696",13,45.08
"10704",14,46.8448333333333
"10711",6,46.6475
"10715",61,34.2301666666667
"10718",47,26.0466666666667
"10720",11,16.8838333333333
"10730",0,38.8745
"10731",10,23.4856666666667
"10737",0,27.0396666666667
"10745",0,18.5333333333333
"10750",0,31.2556666666667
"10751",0,36.6345
"10753",0,33.5813333333333
"10755",0,29.0888333333333
"10762",0,30.0681666666667
"10763",0,31.384
"10767",0,33.3263333333333
"10786",29,40.0193333333333
"10790",13,36.2568333333333
"10791",0,41.6951666666667
"10793",33,39.8873333333333
"10798",0,31.6561666666667
"10801",8,46.7528333333333
"10826",5,39.3126666666667
"10830",4,40.6231666666667
"10835",72,45.5315
"10836",72,53.5208333333333
"10837",68,40.7981666666667
"10847",29,31.9396666666667
"10855",21,36.0071666666667
"10857",25,34.3201666666667
"10862",74,42.4863333333333
"10863",42,44.2966666666667
"10865",18,38.2676666666667
"10878",25,39.4381666666667
"10883",8,26.2993333333333
"10888",0,47.5611666666667
"10910",0,20.5596666666667
"10911",13,39.5553333333333
"10912",1,13.1416666666667
"10914",1,16.7238333333333
"10918",24,59.4116666666667
"10922",34,45.27
"10924",51,40.2435
"10927",34,47.6408333333333
"10933",42,37.1306666666667
"10939",53,47.317
"10950",75,49.9173333333333
"10956",71,37.6783333333333
"10958",54,41.9336666666667
"10961",39,46.5045
"10964",31,45.0275
"10969",75,45.7148333333333
"10974",20,41.4145
"10979",52,37.7373333333333
"10980",51,37.273
"10994",0,47.467
"10999",53,29.0786666666667
"11002",0,25.807
"11006",30,28.7381666666667
"11010",40,35.5478333333333
"11013",35,25.91
"11014",30,18.7303333333333
"11020",44,32.9398333333333
"11021",32,21.3183333333333
"11023",22,31.3303333333333
"11025",1,40.5246666666667
"11038",27,31.4853333333333
"11039",0,30.285
"11047",35,38.652
"11050",52,35.3805
"11053",5,41.8806666666667
"11061",64,39.5618333333333
"11090",60,52.2606666666667
"11096",55,53.0441666666667
"11097",53,36.8931666666667
"11110",42,38.3955
"11116",54,45.6301666666667
"11117",47,53.7323333333333
"11118",35,44.9415
"11121",58,51.4861666666667
"11122",59,47.154
"11125",45,53.7841666666667
"11132",39,45.79
"11136",31,30.3671666666667
"11142",28,35.6376666666667
"11150",26,38.7866666666667
"11151",55,33.6515
"11154",52,51.8593333333333
"11167",36,48.0088333333333
"11172",0,44.7335
"11173",24,49.1216666666667
"11174",13,45.2761666666667
"11180",0,29.1278333333333
"11181",37,37.1906666666667
"11185",22,26.9241666666667
"11188",0,25.8065
"11189",15,36.9323333333333
"11199",18,46.5878333333333
"11206",70,26.7401666666667
"11219",41,56.2528333333333
"11223",27,39.114
"11226",0,39.315
"11227",2,35.6601666666667
"11228",0,46.7758333333333
"11229",0,38.0365
"11233",0,33.9576666666667
"11243",15,39.6326666666667
"11248",54,37.5523333333333
"11249",33,45.3358333333333
"11250",38,40.9198333333333
"11251",55,37.9376666666667
"11255",65,40.8195
"11258",0,34.3266666666667
"11259",27,32.988
"11261",36,36.2006666666667
"11266",52,48.2838333333333
"11275",10,28.6091666666667
"11276",0,35.4196666666667
"11277",0,44.1073333333333
"11279",41,35.7356666666667
"11283",43,31.6166666666667
"11290",0,40.1381666666667
"11291",27,32.256
"11296",55,34.735
"11299",55,35.9755
"11306",10,44.9463333333333
"11313",13,32.9618333333333
"11322",57,45.1241666666667
"11337",0,43.1143333333333
"11340",75,52.8485
"11342",1,48.5955
"11347",0,42.506
"11348",47,40.8571666666667
"11350",0,40.2335
"11361",75,46.615
"11365",76,64.3943333333333
"11373",59,38.606
"11377",38,38.7001666666667
"11379",51,42.1546666666667
"11387",47,45.7833333333333
"11389",68,51.6781666666667
"11392",49,46.4985
"11398",18,29.212
"11402",28,38.2068333333333
"11408",39,51.0181666666667
"11417",83,41.8293333333333
"11418",73,56.7786666666667
"11420",73,53.3651666666667
"11422",69,45.8693333333333
"11423",28,48.7278333333333
"11431",76,57.2155
"11433",38,41.4955
"11436",58,44.8948333333333
"11438",69,55.5633333333333
"11439",60,48.7803333333333
"11443",56,43.3763333333333
"11445",52,46.923
"11451",63,40.2316666666667
"11453",60,53.717
"11456",25,50.9831666666667
"11463",34,47.4495
"11466",27,46.5711666666667
"11469",0,41.145
"11478",16,43.4866666666667
"11480",25,37.5028333333333
"11485",76,44.4181666666667
"11499",61,32.1488333333333
"11506",56,49.7333333333333
"11509",68,44.6983333333333
"11512",9,47.2055
"11525",58,40.9608333333333
"11532",58,44.9121666666667
"11535",67,40.1281666666667
"11548",54,36.0813333333333
"11549",43,42.3586666666667
"11561",58,34.9208333333333
"11576",58,45.824
"11595",66,42.592
"11599",30,32.8928333333333
"11605",62,43.772
"11606",50,43.5991666666667
"11610",56,53.3573333333333
"11612",26,45.3763333333333
"11614",36,45.454
"11617",66,32.2851666666667
"11618",70,47.5955
"11626",49,34.2371666666667
"11633",57,43.4551666666667
"11640",40,46.342
"11641",42,49.5895
"11643",4,39.1405
"11649",46,45.5916666666667
"11655",63,33.9341666666667
"11663",64,45.3135
"11665",63,52.6315
"11670",72,53.2571666666666
"11674",59,46.1336666666667
"11682",65,51.9975
"11688",63,43.0806666666667
"11699",12,43.9968333333333
"11701",45,37.6196666666667
"11706",35,36.5395
"11707",5,40.7056666666667
"11710",44,45.2003333333333
"11714",30,41.2131666666667
"11718",0,42.215
"11721",23,47.108
"11723",26,44.1553333333333
"11731",0,43.189
"11732",64,55.88
"11734",32,44.2676666666667
"11739",71,52.2408333333333
"11741",59,34.7516666666667
"11747",75,42.2975
"11752",68,44.9355
"11755",39,51.4811666666667
"11769",16,40.9735
"11776",26,41.8746666666667
"11799",29,46.4081666666667
"11801",45,44.4511666666667
"11803",34,47.4785
"11814",45,38.6905
"11828",37,44.0788333333333
"11830",40,37.2123333333333
"11834",50,42.6288333333333
"11839",15,39.9123333333333
"11842",34,39.4546666666667
"11845",55,39.9413333333333
"11847",49,36.0991666666667
"11853",27,45.7455
"11858",16,30.949
"11860",56,38.7038333333333
"11864",16,37.7228333333333
"11865",49,44.5335
"11866",0,39.8656666666667
"11871",59,31.8003333333333
"11874",67,38.5245
"11877",50,36.8526666666667
"11878",17,39.6898333333333
"11879",63,43.8526666666667
"11880",48,42.0693333333333
"11881",52,44.2825
"11887",57,34.1523333333333
"11893",69,40.1376666666667
"11895",52,38.8818333333333
"11900",54,39.5971666666667
"11901",63,33.1113333333333
"11906",67,32.8786666666667
"11907",64,39.0505
"11910",12,25.4925
"11911",54,26.9063333333333
"11913",49,39.5301666666667
"11916",74,52.8498333333333
"11917",54,48.0685
"11918",56,52.6921666666667
"11923",55,41.7235
"11925",46,50.5078333333333
"11928",45,46.3138333333333
"11931",69,56.733
"11933",54,50.3288333333333
"11943",43,43.5535
"11944",61,46.5238333333333
"11956",54,45.456
"11965",61,37.0246666666667
"11972",57,38.9496666666667
"11983",50,43.881
"11987",77,43.2711666666667
"12002",40,44.7155
"12006",58,49.2596666666667
"12012",48,51.5715
"12016",21,37.4876666666667
"12023",27,43.3205
"12030",29,52.705
"12031",30,43.4705
"12032",70,40.9908333333333
"12037",56,43.7676666666667
"12040",77,49.6786666666667
"12052",69,45.1191666666667
"12054",80,46.9878333333333
"12059",18,42.627
"12066",79,37.3911666666667
"12069",78,44.6448333333333
"12070",66,56.8426666666667
"12074",36,59.7455
"12079",35,40.6973333333333
"12092",7,38.6743333333333
"12095",62,33.9085
"12102",67,43.4955
"12107",3,37.32
"12109",63,45.1755
"12116",60,42.6013333333333
"12119",23,43.9518333333333
"12139",0,37.7853333333333
"12141",0,30.3505
"12142",0,36.7341666666667
"12144",37,47.3043333333333
"12155",23,34.8163333333333
"12156",29,43.5353333333333
"12158",14,45.3945
"12172",21,47.9266666666667
"12173",16,45.7416666666667
"12175",20,36.8983333333333
"12185",75,47.1616666666667
"12195",14,37.0675
"12197",34,47.8956666666667
"12202",65,39.2863333333333
"12206",71,45.7805
"12208",67,48.8075
"12213",44,40.4445
"12224",66,49.1083333333333
"12232",66,47.2286666666667
"12234",63,46.4871666666667
"12235",51,39.7986666666667
"12238",58,37.9883333333333
"12241",47,45.2893333333333
"12247",1,44.9393333333333
"12261",43,47.1313333333333
"12262",68,42.669
"12272",66,48.5563333333333
"12279",73,25.1058333333333
"12282",4,52.1545
"12288",17,28.8551666666667
"12302",11,36.9961666666667
"12309",0,38.1126666666667
"12312",22,38.9486666666667
"12313",2,41.332
"12319",48,32.2705
"12321",33,22.4535
"12333",35,37.6503333333333
"12335",0,35.06
"12347",26,31.258
"12348",51,37.4135
"12351",1,35.7456666666667
"12355",56,31.4198333333333
"12357",53,33.307
"12358",68,42.566
"12360",40,37.91
"12362",35,38.1963333333333
"12363",0,56.905
"12367",58,27.9576666666667
"12370",31,39.4835
"12371",0,39.9618333333333
"12380",27,33.8043333333333
"12381",52,37.6848333333333
"12382",37,35.1788333333334
"12406",0,41.6788333333334
"12408",13,31.2295
"12430",36,29.5725238095238
"12431",17,31.9498333333333
"12437",30,58.0051666666667
"12439",51,34.6473333333333
"12442",0,37.3413333333333
"12444",8,41.192
"12448",29,25.9846666666667
"12454",47,28.7513333333333
"12456",3,30.406
"12457",4,39.8015
"12459",7,37.37
"12461",17,31.8296666666667
"12477",23,45.8835
"12478",23,34.116
"12479",33,31.7666666666667
"12484",57,46.7235
"12487",0,28.6078333333333
"12494",7,26.2405
"12501",0,27.2068333333333
"12503",34,32.342
"12506",22,25.8803333333333
"12513",0,43.0438333333333
"12519",0,40.7226666666667
"12521",0,29.2383333333333
"12522",40,31.2241666666667
"12532",59,37.5275
"12535",50,30.2
"12540",0,28.0023333333333
"12546",8,32.2343333333333
"12554",39,43.5856666666667
"12560",0,41.1945
"12564",41,35.1423333333333
"12567",31,46.7896666666667
"12569",0,42.5831666666667
"12574",30,40.8335
"12575",0,37.8985
"12576",34,33.9273333333333
"12582",51,36.9986666666667
"12584",37,29.617
"12586",26,34.3213333333333
"12593",40,36.9425
"12597",49,37.265
"12603",11,32.2775
"12604",12,31.8146666666667
"12612",7,35.136
"12656",29,46.3626666666667
"12657",0,33.0921666666667
"12663",0,40.7766666666667
"12664",35,36.9455
"12666",0,35.2576666666667
"12674",32,36.468
"12680",0,40.3355
"12689",19,26.48
"12697",19,32.3723333333333
"12702",34,29.2926666666667
"12712",47,28.923
"12716",39,41.1738333333333
"12731",43,34.1578333333333
"12733",40,38.9503333333333
"12734",19,33.8726666666667
"12737",49,36.6051666666667
"12739",52,29.6535
"12742",41,35.9446666666667
"12749",38,35.7153333333333
"12750",41,33.3395
"12756",6,28.9173333333333
"12759",11,29.0391666666667
"12777",17,31.9258333333333
"12782",4,28.6655
"12783",3,28.4261666666667
"12790",8,33.9793333333333
"12798",16,36.2503333333333
"12806",35,48.0078333333333
"12808",36,31.795
"12809",43,41.7736666666667
"12812",46,37.8051666666667
"12817",66,38.01
"12830",26,37.6086666666667
"12836",67,30.0816666666667
"12854",46,51.2748333333333
"12855",53,47.386
"12859",47,35.9665
"12865",44,40.9156666666667
"12869",3,31.9746666666667
"12874",4,37.5611666666667
"12881",40,30.408
"12883",0,34.6015
"12893",55,29.9835
"12898",32,44.1085
"12902",45,40.3588333333333
"12903",1,40.8256666666667
"12904",51,45.0883333333333
"12913",0,38.1256666666667
"12926",26,44.3926666666667
"12928",21,35.3565
"12936",67,43.336
"12941",55,40.0146666666667
"12945",5,28.9626666666667
"12946",56,37.3075
"12948",60,38.731
"12954",29,45.9336666666667
"12956",39,38.9013333333333
"12958",0,42.69
"12960",26,36.5733333333333
"12962",63,44.5476666666667
"12964",6,32.372
"12970",61,51.431
"12976",29,39.1415
"12982",37,36.9946666666667
"12983",22,51.6136666666667
"12989",0,37.2316666666667
"13007",14,32.8426666666667
"13014",57,44.9003333333333
"13015",51,37.9096666666667
"13016",63,45.794
"13018",34,40.4965
"13023",52,41.21
"13025",52,49.718
"13033",47,39.374
"13034",46,34.5693333333333
"13068",36,40.419
"13079",0,31.6291666666667
"13089",27,42.8368333333333
"13107",75,38.0726666666667
"13110",11,41.4366666666667
"13115",20,44.867
"13122",90,47.941
"13125",12,38.7961666666667
"13131",4,47.027
"13135",1,38.5211666666667
"13136",23,34.624
"13141",52,34.8918333333333
"13143",31,30.2405
"13152",39,28.7171666666667
"13157",46,30.2495
"13159",57,45.985
"13163",36,29.4841666666667
"13165",47,34.2886666666667
"13182",48,48.8298333333333
"13185",21,46.7523333333333
"13191",0,43.9375
"13202",50,39.613
"13205",62,47.0646666666667
"13206",0,32.4846666666667
"13215",49,31.6303333333333
"13216",58,35.1811666666667
"13218",25,38.3376666666666
"13219",5,35.0636666666667
"13228",20,45.3345
"13230",2,30.8131666666667
"13239",9,39.9311666666667
"13243",33,34.3058333333333
"13247",23,36.3958333333333
"13249",35,37.4321666666667
"13258",0,31.3361666666667
"13261",46,38.711
"13263",0,48.0771666666667
"13268",0,44.9496666666667
"13272",4,27.8276666666667
"13276",0,35.7223333333333
"13279",10,41.0121666666667
"13287",36,47.6586666666667
"13288",28,45.0598333333333
"13290",32,28.8323333333333
"13295",46,44.1056666666667
"13302",1,45.2688333333333
"13304",37,54.9976666666667
"13310",21,39.254
"13313",54,42.7578333333333
"13315",9,46.0815
"13321",0,44.1046666666667
"13330",40,31.5656666666667
"13331",41,31.2363333333333
"13339",16,41.7203333333333
"13344",33,30.913
"13346",37,38.289
"13352",0,43.5471666666667
"13355",39,27.4905
"13361",30,34.6811666666667
"13362",28,30.8645
"13364",43,38.5478333333333
"13367",50,29.7271666666667
"13368",17,32.6413333333333
"13390",39,36.6691666666667
"13406",25,46.0508333333333
"13407",19,36.8376666666667
"13411",5,39.6903333333333
"13416",3,35.361
"13417",6,42.9051666666667
"13420",17,37.7061666666667
"13429",0,39.8563333333333
"13435",1,43.2445
"13443",0,44.4066666666667
"13451",56,47.1065
"13452",10,36.2151666666667
"13455",1,38.9373333333333
"13458",24,57.1535
"13467",52,41.1303333333333
"13492",37,39.1513333333333
"13493",18,49.7385
"13494",60,39.1611666666667
"13498",21,45.855
"13508",71,34.8515
"13510",24,39.2878333333333
"13514",43,36.0678333333333
"13515",5,41.2626666666667
"13517",66,42.0963333333333
"13518",0,46.1758333333333
"13519",52,38.8908333333333
"13524",60,45.5171666666667
"13541",52,39.4135
"13543",32,30.4078333333333
"13544",39,28.7828333333333
"13546",64,36.6426666666667
"13551",52,29.452
"13556",27,26.2253333333333
"13560",51,29.361
"13573",48,38.4003333333333
"13583",36,43.1845
"13586",57,34.2001666666667
"13595",57,25.7283333333333
"13596",58,40.5755
"13601",35,38.3913333333333
"13609",72,35.6975
"13611",41,17.6211666666667
"13612",55,34.0173333333333
"13616",62,28.2371666666667
"13624",35,31.174
"13626",57,27.6328333333333
"13627",51,45.3743333333333
"13628",38,43.1091666666667
"13636",38,42.0823333333333
"13643",34,31.038
"13645",40,36.165
"13650",51,32.111
"13653",0,35.3385
"13654",9,23.9506666666667
"13657",39,40.673
"13664",39,29.7881666666667
"13666",14,31.3711666666667
"13667",28,35.5283333333333
"13670",33,22.5225
"13672",37,29.8606666666667
"13677",28,31.6976666666667
"13679",9,42.576
"13680",30,31.4546666666667
"13681",46,30.8116666666667
"13688",34,35.7518333333333
"13703",33,38.3663333333333
"13704",37,39.1631666666667
"13705",43,37.6403333333333
"13710",31,35.7358333333333
"13714",32,34.1071666666667
"13715",35,41.9506666666667
"13717",31,37.3813333333333
"13718",54,36.0888333333333
"13723",41,35.3125
"13735",37,30.8398333333333
"13740",39,39.9053333333333
"13741",28,27.3133333333333
"13746",36,17.4801666666667
"13748",27,38.825
"13759",28,26.9983333333333
"13762",27,34.857
"13784",40,30.855
"13799",21,32.317
"13803",16,44.7353333333333
"13809",28,34.5211666666667
"13812",36,38.1796666666667
"13813",41,38.1796666666667
"13819",41,34.8226666666667
"13822",42,36.8373333333333
"13823",33,48.7811666666667
"13829",25,35.5853333333333
"13837",20,43.8568333333333
"13838",37,44.528
"13862",53,45.4713333333333
"13864",47,38.1495
"13868",42,31.3923333333333
"13869",47,37.1003333333333
"13871",41,51.0813333333333
"13873",31,38.6805
"13883",35,29.4725
"13888",43,36.7361666666667
"13890",45,36.8316666666667
"13893",49,45.7016666666667
"13894",51,32.5468333333333
"13903",47,34.8303333333333
"13905",55,35.2705
"13909",40,33.7006666666667
"13926",41,33.8503333333333
"13929",40,36.5421666666667
"13930",1,46.5943333333333
"13936",0,35.8785
"13937",42,45.3145
"13938",39,39.3583333333333
"13949",39,32.4278333333333
"13953",35,23.1098333333333
"13965",31,32.0518333333333
"13966",44,30.9088333333333
"13967",62,27.9058333333333
"13969",50,40.8501666666667
"13980",27,37.6481666666667
"13990",26,40.1173333333333
"13991",34,41.416
"13994",39,40.5155
"13995",24,57.7806666666667
"14007",32,49.3313333333333
"14011",27,37.1321666666667
"14017",21,49.0568333333333
"14020",57,43.8635
"14031",53,46.0941666666667
"14033",0,18.1165
"14034",0,19.6948333333333
"14042",1,40.8806666666667
"14043",0,28.5351666666667
"14046",10,29.5925
"14051",0,12.9055
"14064",0,9.66166666666667
"14068",41,26.5741666666667
"14080",0,25.0345
"14088",0,25.098
"14091",1,29.9288333333333
"14098",37,29.7505
"14103",49,42.2435
"14104",52,38.023
"14107",59,41.3875
"14115",46,49.3985
"14122",56,42.3305
"14123",52,46.3086666666667
"14129",54,42.8436666666667
"14133",31,29.5161666666667
"14141",33,32.0701666666667
"14146",29,29.5865
"14148",38,29.5536666666667
"14164",50,35.27
"14171",36,40.263
"14184",70,32.6668333333333
"14189",40,31.3866666666667
"14195",0,32.637
"14210",32,37.5663333333333
"14213",0,28.0143333333333
"14230",0,20.924
"14242",0,13.5646666666667
"14247",0,12.9816666666667
"14248",0,17.016
"14253",0,15.367
"14256",0,16.7618333333333
"14261",0,22.525
"14270",0,27.1723333333333
"14272",0,20.768
"14274",0,28.809
"14277",0,18.5563333333333
"14279",20,29.754
"14283",0,20.6513333333333
"14284",7,40.4565
"14286",40,40.2961666666667
"14288",0,24.3943333333333
"14289",47,33.2236666666667
"14294",51,34.8963333333333
"14297",34,34.3731666666667
"14302",16,42.5075
"14321",18,28.8101666666667
"14325",17,21.369
"14326",14,25.3868333333333
"14333",17,30.8291666666667
"14337",16,28.5356666666667
"14349",17,22.7166666666667
"14354",17,28.605
"14355",15,38.3956666666667
"14357",17,36.1831666666667
"14358",19,26.4251666666667
"14371",15,29.95
"14374",22,36.4628333333333
"14379",62,39.4231666666667
"14383",66,50.4731666666667
"14388",3,31.076
"14397",57,46.2708333333334
"14400",43,40.68
"14401",42,42.1386666666667
"14402",39,41.0358333333333
"14419",32,36.7758333333333
"14427",0,24.6166666666667
"14428",46,32.5981666666667
"14429",38,43.3805
"14432",33,43.0163333333333
"14440",39,43.1488333333333
"14442",31,34.2148333333333
"14445",38,29.952
"14447",31,38.6525
"14449",38,21.0281666666667
"14454",32,31.0098333333333
"14455",37,28.075
"14465",28,36.6738333333333
"14479",33,28.3576666666667
"14481",31,34.7221666666667
"14490",58,36.8705
"14495",61,37.7351666666667
"14499",38,24.9878333333333
"14503",35,36.063
"14521",16,32.8845
"14527",11,33.969
"14533",23,23.751
"14535",43,23.4026666666667
"14536",40,26.3476666666667
"14544",36,11.2748333333333
"14548",36,26.5315
"14552",53,27.4188333333333
"14554",46,31.6746666666667
"14556",66,32.9756666666667
"14564",0,34.4443333333333
"14569",36,25.7811666666667
"14575",22,32.906
"14584",0,22.5403333333333
"14592",22,31.6278333333333
"14593",18,43.4523333333333
"14604",13,27.8471666666667
"14614",62,50.0798333333333
"14615",45,37.1401666666667
"14616",48,34.4746666666667
"14618",13,38.8826666666667
"14630",51,37.3561666666667
"14631",56,39.3486666666667
"14639",49,28.8185
"14645",33,29.9513333333333
"14652",52,28.862
"14654",53,39.6076666666667
"14656",32,32.438
"14657",59,33.0225
"14659",22,27.7298333333333
"14662",36,43.0321666666667
"14672",31,14.6356666666667
"14673",40,20.6191666666667
"14682",41,17.0121666666667
"14684",19,23.8015
"14697",10,28.0815
"14699",26,27.659
"14703",1,32.1933333333333
"14710",49,55.3756666666667
"14719",54,47.3595
"14729",57,33.1755
"14732",39,35.0238333333333
"14742",34,41.0411666666667
"14746",46,38.8313333333333
"14760",30,37.7286666666667
"14761",33,41.3971666666667
"14762",40,36.9921666666667
"14763",20,41.472
"14771",49,26.217
"14774",35,36.858
"14775",28,31.4883333333333
"14783",29,35.6838333333333
"14796",0,39.5311666666667
"14797",49,32.072
"14800",16,20.0595
"14808",16,32.857
"14809",7,24.2746666666667
"14814",12,33.2911666666667
"14818",38,24.142
"14821",9,23.0473333333333
"14834",0,25.524
"14837",0,28.8645
"14845",0,21.052
"14854",8,15.175
"14861",30,16.697
"14862",22,30.5831666666667
"14863",0,19.9846666666667
"14867",19,30.0863333333333
"14868",11,15.0661666666667
"14869",4,17.0313333333333
"14877",0,12.1866666666667
"14878",1,42.3671666666667
"14881",0,16.0946666666667
"14886",46,37.8691666666667
"14890",45,47.7468333333333
"14896",46,40.2918333333334
"14911",50,41.0741666666667
"14921",33,38.3868333333333
"14923",67,37.44
"14949",19,33.5345
"14954",31,42.7416666666667
"14960",46,37.2518333333333
"14964",55,41.1268333333333
"14969",13,21.9166666666667
"14980",0,45.6425
"14982",2,42.1268333333333
"14988",49,35.2316666666667
"15001",54,37.3455
"15002",33,36.2408333333333
"15005",39,40.5316666666667
"15011",1,36.8261666666667
"15012",0,34.5688333333333
"15020",1,47.593
"15032",19,20.9371666666667
"15034",0,32.705
"15036",31,26.6976666666667
"15047",17,36.6478333333333
"15058",10,27.7905
"15066",42,27.1843333333333
"15071",64,28.9443333333333
"15082",58,36.3721666666667
"15083",10,23.065
"15084",30,43.0495
"15085",35,45.6535
"15086",16,26.8266666666667
"15087",12,21.1901666666667
"15088",56,32.3836666666667
"15094",35,46.7241666666667
"15097",2,43.4531666666667
"15098",47,42.0148333333333
"15099",21,37.7523333333333
"15102",20,34.0851666666667
"15107",48,40.9796666666667
"15109",20,44.1221666666667
"15113",33,42.817
"15114",57,45.5895
"15115",0,33.59
"15120",38,29.0906666666667
"15130",7,39.2643333333333
"15132",64,37.314
"15143",0,33.5061666666667
"15148",19,44.6755
"15150",24,37.098
"15151",0,37.4013333333333
"15156",55,31.9985
"15162",41,36.276
"15167",57,29.032
"15171",54,50.1
"15193",23,46.12
"15199",38,44.2491666666667
"15204",18,35.2875
"15207",31,18.7033333333333
"15211",26,51.3351666666667
"15212",44,43.6233333333333
"15220",6,37.6553333333333
"15222",27,37.0748333333333
"15230",49,52.0125
"15235",26,41.208
"15237",33,51.2733333333333
"15239",38,48.3803333333333
"15255",8,34.5608333333333
"15256",71,41.7345
"15260",55,42.6018333333333
"15267",43,50.347
"15274",36,46.1718333333333
"15281",24,40.6753333333333
"15283",43,34.8931666666667
"15297",33,47.3698333333333
"15303",41,44.0686666666667
"15307",39,27.0126666666667
"15315",53,39.3111666666667
"15324",57,42.4303333333333
"15331",47,36.6675
"15334",61,59.0453333333333
"15336",25,34.4826666666667
"15342",59,39.8746666666667
"15349",48,23.4113333333333
"15351",48,45.218
"15354",0,39.0666666666667
"15368",0,41.5321666666667
"15369",28,39.1363333333333
"15381",49,48.2813333333333
"15384",0,38.6555
"15400",57,47.1336666666667
"15406",54,50.1653333333333
"15409",67,50.2323333333333
"15419",78,50.4598333333333
"15421",63,45.6896666666667
"15427",66,39.1805
"15433",54,54.431
"15442",35,38.9756666666667
"15446",28,51.454
"15447",36,44.3
"15455",0,42.9218333333333
"15456",4,43.8283333333333
"15463",0,44.0283333333334
"15464",0,45.761
"15465",0,46.8056666666667
"15467",0,41.7238333333333
"15469",34,53.1955
"15472",49,53.3156666666667
"15482",40,46.469
"15488",29,43.7678333333333
"15493",22,49.3903333333333
"15507",36,41.4115
"15508",27,51.439
"15511",18,53.8305
"15513",18,40.1061666666667
"15521",34,40.2718333333333
"15523",22,36.5276666666667
"15535",41,37.72
"15536",0,45.1148333333333
"15540",27,36.8515
"15548",29,46.3591666666667
"15556",72,41.3453333333333
"15559",68,40.4048333333333
"15563",43,42.1201666666667
"15564",62,46.8613333333333
"15566",58,43.7388333333333
"15568",58,40.7296666666667
"15575",54,45.4141666666667
"15579",58,45.6876666666667
"15584",70,39.3895
"15585",57,44.6621666666666
"15589",22,45.1888333333333
"15596",50,44.9521666666667
"15598",6,54.4265
"15599",33,45.6413333333333
"15605",36,36.554
"15608",47,34.8015
"15609",42,38.9201666666667
"15625",35,31.7168333333333
"15632",39,39.2553333333333
"15635",21,30.6471666666667
"15641",0,38.7083333333333
"15645",29,43.3846666666667
"15654",45,39.5888333333333
"15657",45,33.878
"15666",0,36.095
"15667",2,43.7705
"15669",44,41.371
"15670",45,44.1151666666667
"15674",2,43.0066666666667
"15682",62,36.3708333333333
"15688",53,42.6376666666667
"15691",35,44.9178333333333
"15693",53,45.281
"15699",10,21.0328333333333
"15700",61,49.4743333333333
"15705",24,32.2123333333333
"15706",2,27.8333333333333
"15709",34,40.2821666666667
"15710",13,30.3558333333333
"15717",6,34.3555
"15719",33,33.5418333333333
"15724",0,43.0095
"15744",47,40.046
"15751",18,42.0615
"15753",39,41.0785
"15754",27,35.1141666666667
"15760",20,33.7666666666667
"15764",8,30.4535
"15767",44,34.0103333333333
"15778",35,34.5191666666667
"15780",28,37.0975
"15783",32,36.9415
"15788",5,56.764
"15803",49,41.7411666666667
"15816",0,39.3803333333333
"15826",30,50.9305
"15836",13,38.8601666666667
"15838",56,33.2815
"15839",32,44.2276666666667
"15841",40,58.5136666666667
"15846",0,38.9766666666667
"15865",39,39.9708333333333
"15869",0,29.2555
"15876",4,29.3155
"15880",28,34.99
"15882",37,10.8618333333333
"15883",0,19.9118333333333
"15886",15,17.9221666666667
"15888",0,49.3471666666667
"15897",0,35.9358333333333
"15898",44,30.0723333333333
"15905",50,38.1016666666667
"15918",6,42.9655
"15934",48,35.5741666666667
"15939",23,31.109
"15943",31,33.8386666666667
"15946",39,23.0286666666667
"15947",8,36.1611666666667
"15948",69,30.0148333333333
"15952",36,36.2318333333333
"15953",48,31.357
"15964",32,30.6131666666667
"15970",16,25.2245
"15971",22,33.411
"15973",59,30.6068333333333
"15974",46,27.0358333333333
"15981",49,52.6428333333333
"15984",41,26.6781666666667
"15985",42,35.8255
"15987",62,38.4498333333333
"15992",31,34.5556666666667
"15994",0,31.7911666666667
"15995",30,32.2343333333333
"16000",14,24.2028333333333
"16001",0,24.1963333333333
"16014",0,18.9978333333333
"16015",0,30.6208333333333
"16025",47,40.8718333333333
"16030",45,37.9548333333333
"16036",7,31.063
"16037",47,39.6585
"16044",54,26.6331666666667
"16050",0,35.523
"16052",1,25.8746666666667
"16059",4,28.1038333333333
"16065",0,30.5606666666667
"16075",0,48.3853333333333
"16078",24,44.4718333333333
"16079",6,33.5748333333333
"16083",33,33.9276666666667
"16091",0,34.5236666666667
"16092",0,39.2976666666667
"16105",1,46.6236666666667
"16107",20,36.8968333333333
"16112",0,32.1478333333333
"16115",27,40.4608333333333
"16117",23,40.551
"16119",0,41.9443333333333
"16122",49,42.718
"16124",18,41.2766666666667
"16125",0,37.6376666666667
"16131",36,42.6666666666667
"16138",38,52.0285
"16139",15,38.697
"16142",26,49.234
"16146",8,33.4533333333333
"16153",65,27.8795
"16161",45,45.2098333333333
"16162",30,30.8725
"16170",46,47.6141666666667
"16183",53,39.5123333333333
"16186",0,27.5586666666667
"16188",31,32.292
"16195",24,32.2063333333333
"16199",36,37.724
"16205",37,43.5106666666667
"16213",39,51.9926666666667
"16221",0,35.0925
"16222",37,39.3928333333333
"16224",0,36.3358333333333
"16231",5,39.338
"16237",32,37.6075
"16245",0,40.1693333333333
"16248",48,51.085
"16249",24,32.0631666666667
"16251",10,39.491
"16256",31,51.9515
"16259",0,36.8715
"16261",15,25.1718333333333
"16265",20,32.906
"16268",43,47.0803333333333
"16277",0,17.5358333333333
"16280",25,34.049
"16287",29,43.0483333333333
"16289",21,20.0241666666667
"16298",1,14.2315
"16299",26,33.3006428571429
"16302",7,27.0936666666667
"16305",16,23.2493333333333
"16311",0,39.3083333333333
"16315",13,23.6975
"16317",0,27.9695
"16324",6,19.0555
"16327",34,51.166
"16331",60,42.8331666666667
"16334",28,21.7898333333333
"16343",59,42.4511666666667
"16346",37,38.7853333333333
"16349",48,52.185
"16352",1,36.4953333333333
"16353",47,50.7146666666667
"16357",35,20.453
"16365",42,43.013
"16384",25,33.4898333333333
"16391",37,19.2193333333333
"16394",65,32.6635
"16402",3,21.2703333333333
"16403",55,33.2848333333333
"16409",51,31.3573333333333
"16416",2,14.6508333333333
"16419",37,19.008
"16420",3,36.4605
"16430",26,48.4028333333333
"16441",48,33.4718333333333
"16444",34,32.1785
"16449",27,33.9526666666667
"16459",17,29.8595
"16463",36,38.3605
"16474",44,34.1426666666667
"16482",28,48.2728333333333
"16484",6,32.1328333333333
"16488",0,37.5913333333333
"16489",39,16.81
"16491",27,25.0051666666667
"16493",12,38.1426666666667
"16495",5,34.9208333333333
"16497",39,39.8253333333333
"16499",1,38.12
"16502",0,19.6013333333333
"16504",47,34.9378333333333
"16505",42,33.3631666666667
